[
  {
    "id": 0,
    "email": "lauren_shaffer@globomantics.com",
    "firstName": "Lauren",
    "lastName": "Shaffer",
    "salaryUSD": 246463,
    "localCurrency": "PEN",
    "dateBirth": "1988-02-08",
    "startDate": "2006-02-14",
    "isActive": true
  },
  {
    "id": 1,
    "email": "frye_robinson@globomantics.com",
    "firstName": "Frye",
    "lastName": "Robinson",
    "salaryUSD": 258037,
    "localCurrency": "SYP",
    "dateBirth": "1992-07-30",
    "startDate": "2017-07-13",
    "isActive": true
  },
  {
    "id": 2,
    "email": "clark_farmer@globomantics.com",
    "firstName": "Clark",
    "lastName": "Farmer",
    "salaryUSD": 206035,
    "localCurrency": "TZS",
    "dateBirth": "1988-08-27",
    "startDate": "2012-09-08",
    "isActive": true
  },
  {
    "id": 3,
    "email": "finch_nixon@globomantics.com",
    "firstName": "Finch",
    "lastName": "Nixon",
    "salaryUSD": 97853,
    "localCurrency": "AFN",
    "dateBirth": "1990-10-04",
    "startDate": "2015-03-09",
    "isActive": false
  },
  {
    "id": 4,
    "email": "sheila_hines@globomantics.com",
    "firstName": "Sheila",
    "lastName": "Hines",
    "salaryUSD": 190488,
    "localCurrency": "ERN",
    "dateBirth": "1993-11-17",
    "startDate": "2009-12-17",
    "isActive": false
  },
  {
    "id": 5,
    "email": "staci_crane@globomantics.com",
    "firstName": "Staci",
    "lastName": "Crane",
    "salaryUSD": 183310,
    "localCurrency": "TTD",
    "dateBirth": "1992-12-20",
    "startDate": "2008-02-01",
    "isActive": false
  },
  {
    "id": 6,
    "email": "ernestine_mueller@globomantics.com",
    "firstName": "Ernestine",
    "lastName": "Mueller",
    "salaryUSD": 163245,
    "localCurrency": "USD",
    "dateBirth": "1989-08-03",
    "startDate": "2020-08-03",
    "isActive": false
  },
  {
    "id": 7,
    "email": "dawson_church@globomantics.com",
    "firstName": "Dawson",
    "lastName": "Church",
    "salaryUSD": 205573,
    "localCurrency": "MKD",
    "dateBirth": "1990-05-06",
    "startDate": "2015-11-17",
    "isActive": true
  },
  {
    "id": 8,
    "email": "kay_ortiz@globomantics.com",
    "firstName": "Kay",
    "lastName": "Ortiz",
    "salaryUSD": 243262,
    "localCurrency": "BND",
    "dateBirth": "1988-06-05",
    "startDate": "2012-12-05",
    "isActive": false
  },
  {
    "id": 9,
    "email": "reid_santos@globomantics.com",
    "firstName": "Reid",
    "lastName": "Santos",
    "salaryUSD": 177239,
    "localCurrency": "RSD",
    "dateBirth": "1988-07-25",
    "startDate": "2002-04-19",
    "isActive": false
  },
  {
    "id": 10,
    "email": "hendrix_ray@globomantics.com",
    "firstName": "Hendrix",
    "lastName": "Ray",
    "salaryUSD": 265827,
    "localCurrency": "PAB",
    "dateBirth": "1993-01-04",
    "startDate": "2021-09-03",
    "isActive": false
  },
  {
    "id": 11,
    "email": "howard_wolfe@globomantics.com",
    "firstName": "Howard",
    "lastName": "Wolfe",
    "salaryUSD": 191214,
    "localCurrency": "MXN",
    "dateBirth": "1994-06-23",
    "startDate": "2021-04-10",
    "isActive": false
  },
  {
    "id": 12,
    "email": "moss_holder@globomantics.com",
    "firstName": "Moss",
    "lastName": "Holder",
    "salaryUSD": 64287,
    "localCurrency": "CDF",
    "dateBirth": "1994-07-03",
    "startDate": "2001-09-05",
    "isActive": false
  },
  {
    "id": 13,
    "email": "white_hodge@globomantics.com",
    "firstName": "White",
    "lastName": "Hodge",
    "salaryUSD": 249080,
    "localCurrency": "DOP",
    "dateBirth": "1992-07-12",
    "startDate": "2002-06-19",
    "isActive": true
  },
  {
    "id": 14,
    "email": "newton_ashley@globomantics.com",
    "firstName": "Newton",
    "lastName": "Ashley",
    "salaryUSD": 229315,
    "localCurrency": "NAD",
    "dateBirth": "1992-09-14",
    "startDate": "2015-08-26",
    "isActive": true
  },
  {
    "id": 15,
    "email": "janna_ross@globomantics.com",
    "firstName": "Janna",
    "lastName": "Ross",
    "salaryUSD": 248368,
    "localCurrency": "BRL",
    "dateBirth": "1991-02-07",
    "startDate": "2011-12-28",
    "isActive": false
  },
  {
    "id": 16,
    "email": "lee_knapp@globomantics.com",
    "firstName": "Lee",
    "lastName": "Knapp",
    "salaryUSD": 224368,
    "localCurrency": "AUD",
    "dateBirth": "1990-06-30",
    "startDate": "2007-12-11",
    "isActive": true
  },
  {
    "id": 17,
    "email": "concetta_solis@globomantics.com",
    "firstName": "Concetta",
    "lastName": "Solis",
    "salaryUSD": 179759,
    "localCurrency": "ZMK",
    "dateBirth": "1991-09-15",
    "startDate": "2021-03-16",
    "isActive": true
  },
  {
    "id": 18,
    "email": "beverley_mcclain@globomantics.com",
    "firstName": "Beverley",
    "lastName": "Mcclain",
    "salaryUSD": 160160,
    "localCurrency": "EUR",
    "dateBirth": "1990-06-01",
    "startDate": "2018-08-27",
    "isActive": false
  },
  {
    "id": 19,
    "email": "robyn_hancock@globomantics.com",
    "firstName": "Robyn",
    "lastName": "Hancock",
    "salaryUSD": 158311,
    "localCurrency": "SGD",
    "dateBirth": "1994-04-25",
    "startDate": "2004-07-09",
    "isActive": true
  },
  {
    "id": 20,
    "email": "madge_snider@globomantics.com",
    "firstName": "Madge",
    "lastName": "Snider",
    "salaryUSD": 128478,
    "localCurrency": "CNY",
    "dateBirth": "1990-12-14",
    "startDate": "2012-08-12",
    "isActive": false
  },
  {
    "id": 21,
    "email": "mcpherson_rodgers@globomantics.com",
    "firstName": "Mcpherson",
    "lastName": "Rodgers",
    "salaryUSD": 111459,
    "localCurrency": "AMD",
    "dateBirth": "1990-06-13",
    "startDate": "2021-11-16",
    "isActive": false
  },
  {
    "id": 22,
    "email": "marisol_velasquez@globomantics.com",
    "firstName": "Marisol",
    "lastName": "Velasquez",
    "salaryUSD": 103409,
    "localCurrency": "DKK",
    "dateBirth": "1991-03-18",
    "startDate": "2004-05-02",
    "isActive": true
  },
  {
    "id": 23,
    "email": "chan_salas@globomantics.com",
    "firstName": "Chan",
    "lastName": "Salas",
    "salaryUSD": 233927,
    "localCurrency": "PYG",
    "dateBirth": "1992-04-09",
    "startDate": "2012-07-02",
    "isActive": false
  },
  {
    "id": 24,
    "email": "henry_ware@globomantics.com",
    "firstName": "Henry",
    "lastName": "Ware",
    "salaryUSD": 221311,
    "localCurrency": "KWD",
    "dateBirth": "1994-03-05",
    "startDate": "2018-07-22",
    "isActive": true
  },
  {
    "id": 25,
    "email": "stacy_garza@globomantics.com",
    "firstName": "Stacy",
    "lastName": "Garza",
    "salaryUSD": 105963,
    "localCurrency": "ISK",
    "dateBirth": "1991-05-04",
    "startDate": "2006-05-08",
    "isActive": false
  },
  {
    "id": 26,
    "email": "tammy_kent@globomantics.com",
    "firstName": "Tammy",
    "lastName": "Kent",
    "salaryUSD": 121125,
    "localCurrency": "PLN",
    "dateBirth": "1990-04-14",
    "startDate": "2010-05-13",
    "isActive": false
  },
  {
    "id": 27,
    "email": "shannon_petersen@globomantics.com",
    "firstName": "Shannon",
    "lastName": "Petersen",
    "salaryUSD": 132046,
    "localCurrency": "ETB",
    "dateBirth": "1992-05-27",
    "startDate": "2000-07-03",
    "isActive": true
  },
  {
    "id": 28,
    "email": "maryann_marks@globomantics.com",
    "firstName": "Maryann",
    "lastName": "Marks",
    "salaryUSD": 169267,
    "localCurrency": "BWP",
    "dateBirth": "1990-04-07",
    "startDate": "2016-01-30",
    "isActive": false
  },
  {
    "id": 29,
    "email": "lynne_trujillo@globomantics.com",
    "firstName": "Lynne",
    "lastName": "Trujillo",
    "salaryUSD": 88345,
    "localCurrency": "CVE",
    "dateBirth": "1992-12-10",
    "startDate": "2013-04-10",
    "isActive": true
  },
  {
    "id": 30,
    "email": "ochoa_mccullough@globomantics.com",
    "firstName": "Ochoa",
    "lastName": "Mccullough",
    "salaryUSD": 180695,
    "localCurrency": "DZD",
    "dateBirth": "1990-03-27",
    "startDate": "2010-01-22",
    "isActive": true
  },
  {
    "id": 31,
    "email": "celeste_alvarez@globomantics.com",
    "firstName": "Celeste",
    "lastName": "Alvarez",
    "salaryUSD": 219945,
    "localCurrency": "NZD",
    "dateBirth": "1992-04-11",
    "startDate": "2020-02-18",
    "isActive": true
  },
  {
    "id": 32,
    "email": "poole_bernard@globomantics.com",
    "firstName": "Poole",
    "lastName": "Bernard",
    "salaryUSD": 236459,
    "localCurrency": "XAF",
    "dateBirth": "1993-09-08",
    "startDate": "2007-06-16",
    "isActive": false
  },
  {
    "id": 33,
    "email": "nell_leonard@globomantics.com",
    "firstName": "Nell",
    "lastName": "Leonard",
    "salaryUSD": 121354,
    "localCurrency": "DJF",
    "dateBirth": "1992-08-01",
    "startDate": "2019-05-06",
    "isActive": true
  },
  {
    "id": 34,
    "email": "celina_greene@globomantics.com",
    "firstName": "Celina",
    "lastName": "Greene",
    "salaryUSD": 78453,
    "localCurrency": "JMD",
    "dateBirth": "1990-04-19",
    "startDate": "2011-12-17",
    "isActive": false
  },
  {
    "id": 35,
    "email": "irene_price@globomantics.com",
    "firstName": "Irene",
    "lastName": "Price",
    "salaryUSD": 225046,
    "localCurrency": "UAH",
    "dateBirth": "1993-09-18",
    "startDate": "2004-03-08",
    "isActive": false
  },
  {
    "id": 36,
    "email": "laura_tanner@globomantics.com",
    "firstName": "Laura",
    "lastName": "Tanner",
    "salaryUSD": 206475,
    "localCurrency": "ALL",
    "dateBirth": "1994-08-28",
    "startDate": "2020-02-14",
    "isActive": false
  },
  {
    "id": 37,
    "email": "stanton_morton@globomantics.com",
    "firstName": "Stanton",
    "lastName": "Morton",
    "salaryUSD": 263010,
    "localCurrency": "GNF",
    "dateBirth": "1989-10-20",
    "startDate": "2005-06-30",
    "isActive": true
  },
  {
    "id": 38,
    "email": "mercedes_hobbs@globomantics.com",
    "firstName": "Mercedes",
    "lastName": "Hobbs",
    "salaryUSD": 177286,
    "localCurrency": "LKR",
    "dateBirth": "1993-04-24",
    "startDate": "2020-06-16",
    "isActive": false
  },
  {
    "id": 39,
    "email": "mckinney_dale@globomantics.com",
    "firstName": "Mckinney",
    "lastName": "Dale",
    "salaryUSD": 210894,
    "localCurrency": "BIF",
    "dateBirth": "1990-05-23",
    "startDate": "2016-09-17",
    "isActive": true
  },
  {
    "id": 40,
    "email": "eileen_marquez@globomantics.com",
    "firstName": "Eileen",
    "lastName": "Marquez",
    "salaryUSD": 71276,
    "localCurrency": "JPY",
    "dateBirth": "1992-12-13",
    "startDate": "2009-09-07",
    "isActive": true
  },
  {
    "id": 41,
    "email": "gaines_rivers@globomantics.com",
    "firstName": "Gaines",
    "lastName": "Rivers",
    "salaryUSD": 232167,
    "localCurrency": "RWF",
    "dateBirth": "1988-07-22",
    "startDate": "2009-02-13",
    "isActive": true
  },
  {
    "id": 42,
    "email": "vinson_blackwell@globomantics.com",
    "firstName": "Vinson",
    "lastName": "Blackwell",
    "salaryUSD": 151401,
    "localCurrency": "HKD",
    "dateBirth": "1992-04-12",
    "startDate": "2016-09-27",
    "isActive": true
  },
  {
    "id": 43,
    "email": "berg_oconnor@globomantics.com",
    "firstName": "Berg",
    "lastName": "Oconnor",
    "salaryUSD": 191107,
    "localCurrency": "BGN",
    "dateBirth": "1991-11-29",
    "startDate": "2018-03-05",
    "isActive": true
  },
  {
    "id": 44,
    "email": "mckenzie_reilly@globomantics.com",
    "firstName": "Mckenzie",
    "lastName": "Reilly",
    "salaryUSD": 104365,
    "localCurrency": "MOP",
    "dateBirth": "1989-06-05",
    "startDate": "2003-08-25",
    "isActive": true
  },
  {
    "id": 45,
    "email": "malone_montoya@globomantics.com",
    "firstName": "Malone",
    "lastName": "Montoya",
    "salaryUSD": 135506,
    "localCurrency": "MUR",
    "dateBirth": "1992-04-27",
    "startDate": "2006-08-06",
    "isActive": false
  },
  {
    "id": 46,
    "email": "mamie_le@globomantics.com",
    "firstName": "Mamie",
    "lastName": "Le",
    "salaryUSD": 210510,
    "localCurrency": "SAR",
    "dateBirth": "1989-12-21",
    "startDate": "2019-04-28",
    "isActive": false
  },
  {
    "id": 47,
    "email": "russell_walls@globomantics.com",
    "firstName": "Russell",
    "lastName": "Walls",
    "salaryUSD": 69586,
    "localCurrency": "PKR",
    "dateBirth": "1993-12-24",
    "startDate": "2022-03-05",
    "isActive": true
  },
  {
    "id": 48,
    "email": "karyn_lopez@globomantics.com",
    "firstName": "Karyn",
    "lastName": "Lopez",
    "salaryUSD": 101505,
    "localCurrency": "CAD",
    "dateBirth": "1988-07-12",
    "startDate": "2011-02-12",
    "isActive": false
  },
  {
    "id": 49,
    "email": "bush_hartman@globomantics.com",
    "firstName": "Bush",
    "lastName": "Hartman",
    "salaryUSD": 66319,
    "localCurrency": "GHS",
    "dateBirth": "1990-11-08",
    "startDate": "2008-04-02",
    "isActive": false
  },
  {
    "id": 50,
    "email": "kendra_cortez@globomantics.com",
    "firstName": "Kendra",
    "lastName": "Cortez",
    "salaryUSD": 112571,
    "localCurrency": "VND",
    "dateBirth": "1993-05-08",
    "startDate": "2010-07-06",
    "isActive": false
  },
  {
    "id": 51,
    "email": "luna_armstrong@globomantics.com",
    "firstName": "Luna",
    "lastName": "Armstrong",
    "salaryUSD": 66004,
    "localCurrency": "MMK",
    "dateBirth": "1989-03-11",
    "startDate": "2016-01-12",
    "isActive": false
  },
  {
    "id": 52,
    "email": "wilkinson_mullen@globomantics.com",
    "firstName": "Wilkinson",
    "lastName": "Mullen",
    "salaryUSD": 154079,
    "localCurrency": "KHR",
    "dateBirth": "1989-03-25",
    "startDate": "2018-10-15",
    "isActive": false
  },
  {
    "id": 53,
    "email": "fletcher_bowman@globomantics.com",
    "firstName": "Fletcher",
    "lastName": "Bowman",
    "salaryUSD": 70689,
    "localCurrency": "LTL",
    "dateBirth": "1990-04-14",
    "startDate": "2019-12-22",
    "isActive": false
  },
  {
    "id": 54,
    "email": "claudette_noble@globomantics.com",
    "firstName": "Claudette",
    "lastName": "Noble",
    "salaryUSD": 160481,
    "localCurrency": "CRC",
    "dateBirth": "1988-06-27",
    "startDate": "2016-02-19",
    "isActive": false
  },
  {
    "id": 55,
    "email": "loraine_boyle@globomantics.com",
    "firstName": "Loraine",
    "lastName": "Boyle",
    "salaryUSD": 248352,
    "localCurrency": "SEK",
    "dateBirth": "1989-01-20",
    "startDate": "2009-06-28",
    "isActive": false
  },
  {
    "id": 56,
    "email": "wilkins_duke@globomantics.com",
    "firstName": "Wilkins",
    "lastName": "Duke",
    "salaryUSD": 104000,
    "localCurrency": "COP",
    "dateBirth": "1988-10-31",
    "startDate": "2000-01-24",
    "isActive": false
  },
  {
    "id": 57,
    "email": "willie_dawson@globomantics.com",
    "firstName": "Willie",
    "lastName": "Dawson",
    "salaryUSD": 183720,
    "localCurrency": "OMR",
    "dateBirth": "1988-06-27",
    "startDate": "2005-10-04",
    "isActive": false
  },
  {
    "id": 58,
    "email": "harriet_porter@globomantics.com",
    "firstName": "Harriet",
    "lastName": "Porter",
    "salaryUSD": 265977,
    "localCurrency": "RON",
    "dateBirth": "1991-10-17",
    "startDate": "2002-08-18",
    "isActive": true
  },
  {
    "id": 59,
    "email": "renee_lucas@globomantics.com",
    "firstName": "Renee",
    "lastName": "Lucas",
    "salaryUSD": 160193,
    "localCurrency": "MGA",
    "dateBirth": "1993-06-06",
    "startDate": "2012-01-04",
    "isActive": true
  }
]